﻿{"cameraMode":{"drawMode":0,"name":"Shaded","section":"Shading Mode"},"sceneLighting":false,"audioPlay":false,"sceneViewState":{"m_AlwaysRefresh":true,"showFog":false,"showSkybox":false,"showFlares":true,"showImageEffects":true,"showParticleSystems":true,"showVisualEffectGraphs":true,"m_FxEnabled":true},"in2DMode":false,"pivot":{"x":-793.0469970703125,"y":-104.64797973632813,"z":76.8043212890625},"rotation":{"x":-0.319820761680603,"y":0.13075292110443116,"z":-0.04461226984858513,"w":-0.9373539090156555},"size":153.038330078125,"orthographic":false}