﻿{"cameraMode":{"drawMode":0,"name":"Shaded","section":"Shading Mode"},"sceneLighting":false,"audioPlay":false,"sceneViewState":{"m_AlwaysRefresh":true,"showFog":false,"showSkybox":false,"showFlares":true,"showImageEffects":true,"showParticleSystems":true,"showVisualEffectGraphs":true,"m_FxEnabled":true},"in2DMode":false,"pivot":{"x":-760.0,"y":-35.00091552734375,"z":-20.0},"rotation":{"x":-0.02860431745648384,"y":0.9711942076683044,"z":-0.17703749239444734,"w":-0.15692780911922456},"size":60.41724395751953,"orthographic":false}