﻿{"cameraMode":{"drawMode":0,"name":"Shaded","section":"Shading Mode"},"sceneLighting":false,"audioPlay":false,"sceneViewState":{"m_AlwaysRefresh":false,"showFog":true,"showSkybox":false,"showFlares":true,"showImageEffects":true,"showParticleSystems":true,"showVisualEffectGraphs":true,"m_FxEnabled":true},"in2DMode":false,"pivot":{"x":0.08819198608398438,"y":26.489566802978517,"z":0.0},"rotation":{"x":-0.13517123460769654,"y":0.8648050427436829,"z":-0.34522226452827456,"w":-0.3386146128177643},"size":34.9606819152832,"orthographic":false}