﻿{"cameraMode":{"drawMode":0,"name":"Shaded","section":"Shading Mode"},"sceneLighting":false,"audioPlay":false,"sceneViewState":{"m_AlwaysRefresh":true,"showFog":false,"showSkybox":false,"showFlares":true,"showImageEffects":true,"showParticleSystems":true,"showVisualEffectGraphs":true,"m_FxEnabled":true},"in2DMode":false,"pivot":{"x":0.04642486572265625,"y":-214.89999389648438,"z":-59.953582763671878},"rotation":{"x":-0.22598306834697724,"y":0.7645948529243469,"z":-0.35279858112335207,"w":-0.4897564649581909},"size":244.0907745361328,"orthographic":false}