﻿{"cameraMode":{"drawMode":0,"name":"Shaded","section":"Shading Mode"},"sceneLighting":false,"audioPlay":false,"sceneViewState":{"m_AlwaysRefresh":true,"showFog":false,"showSkybox":false,"showFlares":true,"showImageEffects":true,"showParticleSystems":true,"showVisualEffectGraphs":true,"m_FxEnabled":true},"in2DMode":false,"pivot":{"x":-760.7402954101563,"y":-25.86872100830078,"z":-26.334487915039064},"rotation":{"x":-0.017455916851758958,"y":0.9522906541824341,"z":-0.29960373044013979,"w":-0.055484723299741748},"size":65.70491790771485,"orthographic":false}