﻿{"cameraMode":{"drawMode":0,"name":"Shaded","section":"Shading Mode"},"sceneLighting":false,"audioPlay":false,"sceneViewState":{"m_AlwaysRefresh":true,"showFog":false,"showSkybox":false,"showFlares":true,"showImageEffects":true,"showParticleSystems":true,"showVisualEffectGraphs":true,"m_FxEnabled":true},"in2DMode":false,"pivot":{"x":0.0,"y":9.0,"z":100.29544067382813},"rotation":{"x":-0.1896221935749054,"y":0.7219006419181824,"z":-0.21762453019618989,"w":-0.6289442777633667},"size":16.7637939453125,"orthographic":false}