﻿{"cameraMode":{"drawMode":0,"name":"Shaded","section":"Shading Mode"},"sceneLighting":false,"audioPlay":false,"sceneViewState":{"m_AlwaysRefresh":true,"showFog":false,"showSkybox":false,"showFlares":true,"showImageEffects":true,"showParticleSystems":true,"showVisualEffectGraphs":true,"m_FxEnabled":true},"in2DMode":false,"pivot":{"x":-797.6979370117188,"y":-14.684532165527344,"z":-75.96463012695313},"rotation":{"x":-0.03446522355079651,"y":0.9649685025215149,"z":-0.1999422311782837,"w":-0.1663380265235901},"size":93.96688842773438,"orthographic":false}