﻿{"cameraMode":{"drawMode":0,"name":"Shaded","section":"Shading Mode"},"sceneLighting":false,"audioPlay":false,"sceneViewState":{"m_AlwaysRefresh":true,"showFog":false,"showSkybox":false,"showFlares":true,"showImageEffects":true,"showParticleSystems":true,"showVisualEffectGraphs":true,"m_FxEnabled":true},"in2DMode":false,"pivot":{"x":-782.6364135742188,"y":47.735233306884769,"z":-40.413822174072269},"rotation":{"x":-0.03650176152586937,"y":0.9631112813949585,"z":-0.17407244443893434,"w":-0.20195823907852174},"size":113.9390869140625,"orthographic":false}