﻿{"cameraMode":{"drawMode":0,"name":"Shaded","section":"Shading Mode"},"sceneLighting":false,"audioPlay":false,"sceneViewState":{"showFog":false,"showMaterialUpdate":true,"showSkybox":false,"showFlares":true,"showImageEffects":true,"showParticleSystems":true},"in2DMode":false,"pivot":{"x":-811.3865966796875,"y":-11.822357177734375,"z":-55.167755126953128},"rotation":{"x":-0.18970926105976106,"y":0.8089604377746582,"z":-0.41839128732681277,"w":-0.36680346727371218},"size":361.5847473144531,"orthographic":false}