﻿{"cameraMode":{"drawMode":0,"name":"Shaded","section":"Shading Mode"},"sceneLighting":true,"audioPlay":false,"sceneViewState":{"showFog":false,"showMaterialUpdate":true,"showSkybox":false,"showFlares":true,"showImageEffects":true,"showParticleSystems":true},"in2DMode":false,"pivot":{"x":127.65750122070313,"y":161.61798095703126,"z":-28.713699340820314},"rotation":{"x":-0.2868898808956146,"y":0.311174601316452,"z":-0.09912854433059693,"w":-0.9005765914916992},"size":209.5538330078125,"orthographic":false}