﻿{"cameraMode":{"drawMode":0,"name":"Shaded","section":"Shading Mode"},"sceneLighting":false,"audioPlay":false,"sceneViewState":{"m_AlwaysRefresh":false,"showFog":true,"showSkybox":false,"showFlares":true,"showImageEffects":true,"showParticleSystems":true,"showVisualEffectGraphs":true,"m_FxEnabled":true},"in2DMode":false,"pivot":{"x":-50.0,"y":-192.50091552734376,"z":-20.0},"rotation":{"x":-0.13517123460769654,"y":0.8648050427436829,"z":-0.34522226452827456,"w":-0.3386146128177643},"size":232.82325744628907,"orthographic":false}