﻿{"cameraMode":{"drawMode":0,"name":"Shaded","section":"Shading Mode"},"sceneLighting":false,"audioPlay":false,"sceneViewState":{"m_AlwaysRefresh":true,"showFog":false,"showSkybox":false,"showFlares":true,"showImageEffects":true,"showParticleSystems":true,"showVisualEffectGraphs":true,"m_FxEnabled":true},"in2DMode":false,"pivot":{"x":-760.0,"y":-35.00091552734375,"z":-10.5},"rotation":{"x":-0.017455916851758958,"y":0.9522906541824341,"z":-0.29960373044013979,"w":-0.055484723299741748},"size":627.0770874023438,"orthographic":false}