﻿{"cameraMode":{"drawMode":0,"name":"Shaded","section":"Shading Mode"},"sceneLighting":false,"audioPlay":false,"sceneViewState":{"m_AlwaysRefresh":true,"showFog":false,"showSkybox":false,"showFlares":true,"showImageEffects":true,"showParticleSystems":true,"showVisualEffectGraphs":true,"m_FxEnabled":true},"in2DMode":false,"pivot":{"x":-760.0009765625,"y":-165.6257781982422,"z":-20.0},"rotation":{"x":-0.47761270403862,"y":0.20249418914318086,"z":-0.11414866894483566,"w":-0.8472643494606018},"size":255.94384765625,"orthographic":false}