﻿{"cameraMode":{"drawMode":0,"name":"Shaded","section":"Shading Mode"},"sceneLighting":true,"audioPlay":false,"sceneViewState":{"m_AlwaysRefresh":true,"showFog":false,"showSkybox":false,"showFlares":true,"showImageEffects":true,"showParticleSystems":true,"showVisualEffectGraphs":true,"m_FxEnabled":true},"in2DMode":false,"pivot":{"x":-125.15423583984375,"y":-34.89338302612305,"z":-135.21316528320313},"rotation":{"x":-0.0931241512298584,"y":0.9029107093811035,"z":-0.2487253099679947,"w":-0.3379972279071808},"size":148.06654357910157,"orthographic":false}