﻿{"cameraMode":{"drawMode":0,"name":"Shaded","section":"Shading Mode"},"sceneLighting":false,"audioPlay":false,"sceneViewState":{"m_AlwaysRefresh":false,"showFog":true,"showSkybox":false,"showFlares":true,"showImageEffects":true,"showParticleSystems":true,"showVisualEffectGraphs":true,"m_FxEnabled":true},"in2DMode":false,"pivot":{"x":-0.0009555816650390625,"y":-165.6257781982422,"z":0.0},"rotation":{"x":-0.13517123460769654,"y":0.8648050427436829,"z":-0.34522226452827456,"w":-0.3386146128177643},"size":255.94384765625,"orthographic":false}