﻿{"cameraMode":{"drawMode":0,"name":"Shaded","section":"Shading Mode"},"sceneLighting":false,"audioPlay":false,"sceneViewState":{"m_AlwaysRefresh":true,"showFog":false,"showSkybox":false,"showFlares":true,"showImageEffects":true,"showParticleSystems":true,"showVisualEffectGraphs":true,"m_FxEnabled":true},"in2DMode":false,"pivot":{"x":-760.0,"y":-13.00091552734375,"z":-20.0},"rotation":{"x":-0.03650176152586937,"y":0.9631112813949585,"z":-0.17407244443893434,"w":-0.20195823907852174},"size":150.90859985351563,"orthographic":false}