﻿{"cameraMode":{"drawMode":0,"name":"Shaded","section":"Shading Mode"},"sceneLighting":false,"audioPlay":false,"sceneViewState":{"m_AlwaysRefresh":true,"showFog":false,"showSkybox":false,"showFlares":true,"showImageEffects":true,"showParticleSystems":true,"showVisualEffectGraphs":true,"m_FxEnabled":true},"in2DMode":false,"pivot":{"x":0.08819198608398438,"y":26.489566802978517,"z":-9.700000762939454},"rotation":{"x":-0.06936725229024887,"y":0.9286088943481445,"z":-0.28756749629974368,"w":-0.22399979829788209},"size":34.9606819152832,"orthographic":false}