﻿{"cameraMode":{"drawMode":0,"name":"Shaded","section":"Shading Mode"},"sceneLighting":true,"audioPlay":false,"sceneViewState":{"m_AlwaysRefresh":false,"showFog":true,"showSkybox":true,"showFlares":true,"showImageEffects":true,"showParticleSystems":true,"showVisualEffectGraphs":true,"m_FxEnabled":true},"in2DMode":false,"pivot":{"x":-159.1939239501953,"y":-255.39804077148438,"z":-318.5849304199219},"rotation":{"x":-0.041900765150785449,"y":0.9506607055664063,"z":-0.2695699632167816,"w":-0.14776600897312165},"size":610.1305541992188,"orthographic":false}